Model,Accuracy,AUC,Precision,Recall,F1 Score,MCC,CV Mean Accuracy
xgboost,0.8697921998157436,0.9228438560908059,0.8651007379812937,0.8697921998157436,0.8626778636163878,0.6184789310470538,0.865832667460265
decision_tree,0.8605793837649708,0.905964096951722,0.8545550016920124,0.8605793837649708,0.8542427850349954,0.5930316790635234,0.8593628774737384
random_forest,0.8565871634763026,0.9097910931697941,0.8507976515151547,0.8565871634763026,0.8465929780956245,0.5741709000477822,0.8563736963496407
logistic,0.8543351417750026,0.9057341226192865,0.8479211138853652,0.8543351417750026,0.8486767270510495,0.5768727627572983,0.8522788075301128
knn,0.8331456648582249,0.8552112857162426,0.8281116970639179,0.8331456648582249,0.8300439947286204,0.5266836108438059,0.8346096026232172
naive_bayes,0.6240147405056813,0.8266948138442534,0.8179258241034212,0.6240147405056813,0.6481173294733672,0.3899812719185905,0.6006957736667343
